{"assets/fonts/Poppins-Light.ttf":["assets/fonts/Poppins-Light.ttf"],"assets/fonts/Poppins-Medium.ttf":["assets/fonts/Poppins-Medium.ttf"],"assets/fonts/Poppins-Regular.ttf":["assets/fonts/Poppins-Regular.ttf"],"assets/images/activity.png":["assets/images/activity.png"],"assets/images/activity_selected.png":["assets/images/activity_selected.png"],"assets/images/bottle.png":["assets/images/bottle.png"],"assets/images/box.png":["assets/images/box.png"],"assets/images/briefcase.png":["assets/images/briefcase.png"],"assets/images/briefcase_selected.png":["assets/images/briefcase_selected.png"],"assets/images/can.png":["assets/images/can.png"],"assets/images/email.png":["assets/images/email.png"],"assets/images/facebook.png":["assets/images/facebook.png"],"assets/images/full_name.png":["assets/images/full_name.png"],"assets/images/glass.png":["assets/images/glass.png"],"assets/images/google.png":["assets/images/google.png"],"assets/images/hide_password.png":["assets/images/hide_password.png"],"assets/images/home.png":["assets/images/home.png"],"assets/images/home_selected.png":["assets/images/home_selected.png"],"assets/images/img.jpg":["assets/images/img.jpg"],"assets/images/lock.png":["assets/images/lock.png"],"assets/images/logo.png":["assets/images/logo.png"],"assets/images/map.png":["assets/images/map.png"],"assets/images/map_marker.png":["assets/images/map_marker.png"],"assets/images/map_pin.png":["assets/images/map_pin.png"],"assets/images/map_pin_2.bmp":["assets/images/map_pin_2.bmp"],"assets/images/map_pin_2.png":["assets/images/map_pin_2.png"],"assets/images/message.png":["assets/images/message.png"],"assets/images/message_selected.png":["assets/images/message_selected.png"],"assets/images/my_location_marker.png":["assets/images/my_location_marker.png"],"assets/images/oil.png":["assets/images/oil.png"],"assets/images/phone.png":["assets/images/phone.png"],"assets/images/selected_location_marker.png":["assets/images/selected_location_marker.png"],"assets/images/slash.png":["assets/images/slash.png"],"assets/images/time.png":["assets/images/time.png"],"assets/images/user.png":["assets/images/user.png"],"assets/images/user_selected.png":["assets/images/user_selected.png"],"assets/images/view_password.png":["assets/images/view_password.png"],"packages/cupertino_icons/assets/CupertinoIcons.ttf":["packages/cupertino_icons/assets/CupertinoIcons.ttf"],"packages/flutter_icons/fonts/AntDesign.ttf":["packages/flutter_icons/fonts/AntDesign.ttf"],"packages/flutter_icons/fonts/Entypo.ttf":["packages/flutter_icons/fonts/Entypo.ttf"],"packages/flutter_icons/fonts/EvilIcons.ttf":["packages/flutter_icons/fonts/EvilIcons.ttf"],"packages/flutter_icons/fonts/Feather.ttf":["packages/flutter_icons/fonts/Feather.ttf"],"packages/flutter_icons/fonts/FontAwesome.ttf":["packages/flutter_icons/fonts/FontAwesome.ttf"],"packages/flutter_icons/fonts/FontAwesome5_Brands.ttf":["packages/flutter_icons/fonts/FontAwesome5_Brands.ttf"],"packages/flutter_icons/fonts/FontAwesome5_Regular.ttf":["packages/flutter_icons/fonts/FontAwesome5_Regular.ttf"],"packages/flutter_icons/fonts/FontAwesome5_Solid.ttf":["packages/flutter_icons/fonts/FontAwesome5_Solid.ttf"],"packages/flutter_icons/fonts/Foundation.ttf":["packages/flutter_icons/fonts/Foundation.ttf"],"packages/flutter_icons/fonts/Ionicons.ttf":["packages/flutter_icons/fonts/Ionicons.ttf"],"packages/flutter_icons/fonts/MaterialCommunityIcons.ttf":["packages/flutter_icons/fonts/MaterialCommunityIcons.ttf"],"packages/flutter_icons/fonts/MaterialIcons.ttf":["packages/flutter_icons/fonts/MaterialIcons.ttf"],"packages/flutter_icons/fonts/Octicons.ttf":["packages/flutter_icons/fonts/Octicons.ttf"],"packages/flutter_icons/fonts/SimpleLineIcons.ttf":["packages/flutter_icons/fonts/SimpleLineIcons.ttf"],"packages/flutter_icons/fonts/Zocial.ttf":["packages/flutter_icons/fonts/Zocial.ttf"],"packages/flutter_icons/fonts/weathericons.ttf":["packages/flutter_icons/fonts/weathericons.ttf"],"packages/fluttertoast/assets/toastify.css":["packages/fluttertoast/assets/toastify.css"],"packages/fluttertoast/assets/toastify.js":["packages/fluttertoast/assets/toastify.js"],"packages/ionicons/fonts/Ionicons.ttf":["packages/ionicons/fonts/Ionicons.ttf"],"packages/progress_dialog/assets/double_ring_loading_io.gif":["packages/progress_dialog/assets/double_ring_loading_io.gif"]}